{
  "approval_rate": 0.13089005235602094,
  "decision_threshold": 0.3,
  "roc_auc": 0.8164108618654073
}