{
  "approval_rate": 0.08673469387755102,
  "decision_threshold": 0.3,
  "roc_auc": 0.8195790177079854
}